Interaction Type,Directory,RESNR,RESTYPE,RESCHAIN,RESNR_LIG,RESTYPE_LIG,RESCHAIN_LIG,PROT_IDX_LIST,CENTDIST,ANGLE,OFFSET,TYPE,LIG_IDX_LIST,LIGCOO,PROTCOO
pi-Stacking,WSA251_conformation9,264,PHE,a,1,UNL,Z,"15959,15960,15961,15962,15963,15964",4.17,7.51,1.75,P,"31,32,33,34,35,36","176.898, 185.690, 275.102","180.151, 183.413, 273.830"
pi-Stacking,WSA270_conformation5,261,TRP,a,1,UNL,Z,"15900,15901,15902,15903,15905",4.86,80.7,1.53,T,"30,31,32,33,34,35","173.331, 186.050, 278.143","176.689, 182.863, 279.621"
pi-Stacking,WSA236_conformation6,261,TRP,a,1,UNL,Z,"15894,15895,15896,15897,15899",4.66,71.13,0.51,T,"7,15,16,17,22,23","174.397, 186.199, 277.306","176.689, 182.863, 279.621"
pi-Stacking,WSA270_conformation2,261,TRP,a,1,UNL,Z,"15900,15901,15902,15903,15905",4.69,74.19,1.75,T,"16,17,18,25,26,27","174.000, 186.327, 281.281","176.689, 182.863, 279.621"
pi-Stacking,WSA270_conformation2,264,PHE,a,1,UNL,Z,"15953,15954,15955,15956,15957,15958",4.36,19.24,1.98,P,"30,31,32,33,34,35","176.918, 186.045, 275.093","180.151, 183.413, 273.830"
pi-Stacking,WSA236_conformation7,264,PHE,a,1,UNL,Z,"15947,15948,15949,15950,15951,15952",4.27,13.67,1.75,P,"25,26,27,28,29,30","176.659, 185.636, 274.873","180.151, 183.413, 273.830"
pi-Stacking,WSA270_conformation3,53,PHE,R,1,UNL,Z,"10493,10494,10495,10496,10497,10498",3.68,0.48,0.34,P,"30,31,32,33,34,35","171.948, 189.531, 267.071","173.268, 190.181, 263.699"
pi-Stacking,WSA270_conformation4,261,TRP,a,1,UNL,Z,"15900,15901,15902,15903,15905",4.89,81.34,1.82,T,"30,31,32,33,34,35","173.285, 186.085, 278.239","176.689, 182.863, 279.621"
pi-Stacking,WSA251_conformation6,53,PHE,R,1,UNL,Z,"10499,10500,10501,10502,10503,10504",5.16,67.78,1.59,T,"31,32,33,34,35,36","171.251, 187.402, 267.544","173.268, 190.181, 263.699"
pi-Stacking,WSA255_conformation6,53,PHE,R,1,UNL,Z,"10490,10491,10492,10493,10494,10495",3.91,2.52,1.48,P,"18,19,20,21,22,23","170.749, 190.185, 266.693","173.268, 190.181, 263.699"
pi-Stacking,WSA255_conformation6,53,PHE,R,1,UNL,Z,"10490,10491,10492,10493,10494,10495",3.75,2.73,0.97,P,"7,16,17,18,23,24","172.730, 188.891, 267.177","173.268, 190.181, 263.699"
pi-Stacking,WSA256_conformation6,261,TRP,a,1,UNL,Z,"15895,15896,15897,15898,15900",4.55,79.58,1.42,T,"2,8,9,17,31,32","173.871, 186.418, 279.925","176.689, 182.863, 279.621"
pi-Stacking,WSA256_conformation7,264,PHE,a,1,UNL,Z,"15948,15949,15950,15951,15952,15953",4.47,23.18,1.95,P,"1,4,6,8,32,33","176.888, 186.229, 275.001","180.151, 183.413, 273.830"
pi-Stacking,WSA253_conformation5,261,TRP,a,1,UNL,Z,"15902,15903,15904,15905,15907",4.95,82.33,1.86,T,"30,31,32,33,34,35","173.245, 186.087, 278.111","176.689, 182.863, 279.621"
pi-Stacking,WSA257_conformation2,53,PHE,R,1,UNL,Z,"10483,10484,10485,10486,10487,10488",3.7,0.76,0.42,P,"24,25,26,27,28,29","172.193, 189.364, 267.142","173.268, 190.181, 263.699"
pi-Stacking,WSA261_conformation9,261,TRP,a,1,UNL,Z,"15904,15905,15906,15907,15909",4.95,79.8,1.7,T,"31,32,33,34,35,36","173.200, 186.063, 278.176","176.689, 182.863, 279.621"
pi-Stacking,WSA261_conformation1,261,TRP,a,1,UNL,Z,"15904,15905,15906,15907,15909",4.68,75.62,1.83,T,"17,18,19,26,27,28","174.022, 186.322, 281.296","176.689, 182.863, 279.621"
pi-Stacking,WSA261_conformation1,264,PHE,a,1,UNL,Z,"15957,15958,15959,15960,15961,15962",4.36,18.55,2.0,P,"31,32,33,34,35,36","176.909, 186.026, 275.106","180.151, 183.413, 273.830"
pi-Stacking,WSA248_conformation8,261,TRP,a,1,UNL,Z,"15895,15896,15897,15898,15900",4.94,72.84,1.65,T,"1,7,10,11,12,26","174.513, 186.280, 276.789","176.689, 182.863, 279.621"
pi-Stacking,WSA248_conformation8,261,TRP,a,1,UNL,Z,"15895,15896,15897,15898,15900",4.85,61.87,1.95,T,"28,29,30,31,32,33","174.674, 185.648, 283.044","176.689, 182.863, 279.621"
pi-Stacking,WSA269_conformation4,261,TRP,a,1,UNL,Z,"15905,15906,15907,15908,15910",4.68,71.23,1.29,T,"2,14,15,23,37,38","174.218, 186.392, 277.795","176.689, 182.863, 279.621"
pi-Stacking,WSA238_conformation7,264,PHE,a,1,UNL,Z,"15950,15951,15952,15953,15954,15955",4.23,12.0,1.9,P,"26,27,28,29,30,31","176.733, 185.610, 275.006","180.151, 183.413, 273.830"
pi-Stacking,WSA262_conformation6,261,TRP,a,1,UNL,Z,"15911,15912,15913,15914,15916",5.01,83.46,1.81,T,"19,20,21,22,23,24","173.089, 186.102, 278.353","176.689, 182.863, 279.621"
pi-Stacking,WSA254_conformation3,53,PHE,R,1,UNL,Z,"10487,10488,10489,10490,10491,10492",3.94,5.92,1.59,P,"17,18,19,20,21,22","170.619, 190.179, 266.615","173.268, 190.181, 263.699"
pi-Stacking,WSA254_conformation3,53,PHE,R,1,UNL,Z,"10487,10488,10489,10490,10491,10492",3.76,5.96,0.89,P,"7,15,16,17,22,23","172.675, 189.078, 267.247","173.268, 190.181, 263.699"
pi-Stacking,WSA254_conformation4,53,PHE,R,1,UNL,Z,"10487,10488,10489,10490,10491,10492",3.82,2.71,1.15,P,"25,26,27,28,29,30","173.043, 189.066, 267.351","173.268, 190.181, 263.699"
pi-Stacking,WSA250_conformation2,75,PHE,R,1,UNL,Z,"10818,10819,10820,10821,10822,10823",5.27,67.08,1.84,T,"16,17,18,19,20,21","170.222, 187.266, 292.420","169.002, 192.388, 292.452"
pi-Stacking,WSA250_conformation5,261,TRP,a,1,UNL,Z,"15890,15891,15892,15893,15895",4.99,85.43,1.84,T,"24,25,26,27,28,29","173.125, 186.047, 278.188","176.689, 182.863, 279.621"
pi-Stacking,WSA248_conformation7,261,TRP,a,1,UNL,Z,"15895,15896,15897,15898,15900",4.57,72.49,0.79,T,"1,7,10,11,12,26","174.513, 186.124, 277.267","176.689, 182.863, 279.621"
pi-Stacking,WSA238_conformation6,264,PHE,a,1,UNL,Z,"15950,15951,15952,15953,15954,15955",4.25,17.67,1.75,P,"18,19,20,21,22,23","176.892, 185.626, 275.435","180.151, 183.413, 273.830"
pi-Stacking,WSA269_conformation5,261,TRP,a,1,UNL,Z,"15905,15906,15907,15908,15910",4.74,79.86,1.93,T,"2,14,15,23,37,38","173.686, 186.512, 279.203","176.689, 182.863, 279.621"
pi-Stacking,WSA269_conformation5,261,TRP,a,1,UNL,Z,"15905,15906,15907,15908,15910",4.63,75.67,1.58,T,"1,12,13,14,38,39","174.326, 186.358, 281.529","176.689, 182.863, 279.621"
pi-Stacking,WSA248_conformation9,261,TRP,a,1,UNL,Z,"15895,15896,15897,15898,15900",4.93,89.58,1.95,T,"28,29,30,31,32,33","174.249, 186.251, 276.993","176.689, 182.863, 279.621"
pi-Stacking,WSA254_conformation2,261,TRP,a,1,UNL,Z,"15894,15895,15896,15897,15899",4.7,83.41,0.79,T,"25,26,27,28,29,30","173.781, 186.169, 277.972","176.689, 182.863, 279.621"
pi-Stacking,WSA255_conformation3,53,PHE,R,1,UNL,Z,"10490,10491,10492,10493,10494,10495",3.67,1.26,0.34,P,"26,27,28,29,30,31","172.087, 189.448, 267.096","173.268, 190.181, 263.699"
pi-Stacking,WSA270_conformation8,261,TRP,a,1,UNL,Z,"15900,15901,15902,15903,15905",4.8,73.82,1.74,T,"9,14,15,16,27,28","174.082, 186.362, 277.620","176.689, 182.863, 279.621"
pi-Stacking,WSA270_conformation1,261,TRP,a,1,UNL,Z,"15900,15901,15902,15903,15905",4.7,75.39,1.98,T,"16,17,18,25,26,27","174.053, 186.291, 281.462","176.689, 182.863, 279.621"
pi-Stacking,WSA270_conformation1,264,PHE,a,1,UNL,Z,"15953,15954,15955,15956,15957,15958",4.37,19.26,1.98,P,"30,31,32,33,34,35","176.919, 186.043, 275.145","180.151, 183.413, 273.830"
pi-Stacking,WSA249_conformation8,264,PHE,a,1,UNL,Z,"15948,15949,15950,15951,15952,15953",4.55,24.92,2.0,P,"1,4,6,8,9,10","176.871, 186.133, 275.418","180.151, 183.413, 273.830"
pi-Stacking,WSA255_conformation5,53,PHE,R,1,UNL,Z,"10490,10491,10492,10493,10494,10495",3.69,1.0,0.36,P,"26,27,28,29,30,31","172.205, 189.346, 267.129","173.268, 190.181, 263.699"
pi-Stacking,WSA249_conformation9,264,PHE,a,1,UNL,Z,"15948,15949,15950,15951,15952,15953",4.24,10.44,1.61,P,"1,4,6,8,9,10","176.819, 185.755, 274.998","180.151, 183.413, 273.830"
pi-Stacking,WSA236_conformation3,264,PHE,a,1,UNL,Z,"15947,15948,15949,15950,15951,15952",4.28,14.91,1.9,P,"17,18,19,20,21,22","176.835, 185.688, 275.297","180.151, 183.413, 273.830"
pi-Stacking,WSA270_conformation7,264,PHE,a,1,UNL,Z,"15953,15954,15955,15956,15957,15958",4.2,6.52,1.9,P,"30,31,32,33,34,35","176.823, 185.655, 275.061","180.151, 183.413, 273.830"
pi-Stacking,WSA270_conformation9,53,PHE,R,1,UNL,Z,"10493,10494,10495,10496,10497,10498",4.18,18.83,1.45,P,"19,20,21,22,23,24","170.201, 191.226, 266.344","173.268, 190.181, 263.699"
pi-Stacking,WSA270_conformation9,53,PHE,R,1,UNL,Z,"10493,10494,10495,10496,10497,10498",4.93,63.32,1.77,T,"16,17,18,25,26,27","173.119, 188.842, 268.441","173.268, 190.181, 263.699"
pi-Stacking,WSA270_conformation9,264,PHE,a,1,UNL,Z,"15953,15954,15955,15956,15957,15958",4.2,5.92,1.97,P,"30,31,32,33,34,35","176.912, 185.647, 275.303","180.151, 183.413, 273.830"
pi-Stacking,WSA256_conformation2,75,PHE,R,1,UNL,Z,"10823,10824,10825,10826,10827,10828",5.25,65.77,1.62,T,"11,12,13,14,15,16","169.198, 187.197, 293.228","169.002, 192.388, 292.452"
pi-Stacking,WSA256_conformation3,264,PHE,a,1,UNL,Z,"15948,15949,15950,15951,15952,15953",4.23,17.47,1.48,P,"11,12,13,14,15,16","176.776, 185.677, 274.990","180.151, 183.413, 273.830"
pi-Stacking,WSA257_conformation1,75,PHE,R,1,UNL,Z,"10818,10819,10820,10821,10822,10823",5.06,69.09,0.65,T,"16,17,18,19,20,21","169.114, 187.327, 292.526","169.002, 192.388, 292.452"
pi-Stacking,WSA257_conformation8,261,TRP,a,1,UNL,Z,"15890,15891,15892,15893,15895",4.69,74.69,1.25,T,"9,14,15,16,21,22","174.222, 186.354, 277.685","176.689, 182.863, 279.621"
pi-Stacking,WSA261_conformation4,261,TRP,a,1,UNL,Z,"15904,15905,15906,15907,15909",4.8,80.69,1.19,T,"31,32,33,34,35,36","174.205, 186.176, 277.192","176.689, 182.863, 279.621"
pi-Stacking,WSA261_conformation2,261,TRP,a,1,UNL,Z,"15904,15905,15906,15907,15909",4.78,73.1,1.88,T,"7,15,16,17,28,29","174.054, 186.335, 277.650","176.689, 182.863, 279.621"
pi-Stacking,WSA238_conformation3,53,PHE,R,1,UNL,Z,"10490,10491,10492,10493,10494,10495",3.71,3.84,0.46,P,"26,27,28,29,30,31","172.260, 189.237, 267.146","173.268, 190.181, 263.699"
pi-Stacking,WSA248_conformation2,261,TRP,a,1,UNL,Z,"15895,15896,15897,15898,15900",4.84,80.6,1.5,T,"15,16,17,18,24,25","173.531, 186.532, 279.445","176.689, 182.863, 279.621"
pi-Stacking,WSA248_conformation2,264,PHE,a,1,UNL,Z,"15948,15949,15950,15951,15952,15953",4.2,13.05,1.45,P,"28,29,30,31,32,33","176.813, 185.681, 275.000","180.151, 183.413, 273.830"
pi-Stacking,WSA250_conformation7,75,PHE,R,1,UNL,Z,"10818,10819,10820,10821,10822,10823",5.31,82.7,1.95,T,"24,25,26,27,28,29","169.253, 187.117, 293.031","169.002, 192.388, 292.452"
pi-Stacking,WSA262_conformation4,261,TRP,a,1,UNL,Z,"15911,15912,15913,15914,15916",4.68,75.94,1.27,T,"1,2,16,17,25,39","174.196, 186.356, 277.757","176.689, 182.863, 279.621"
pi-Stacking,WSA262_conformation3,75,PHE,R,1,UNL,Z,"10839,10840,10841,10842,10843,10844",4.93,64.52,0.79,T,"1,4,6,14,15,16","169.109, 187.464, 292.559","169.002, 192.388, 292.452"
pi-Stacking,WSA250_conformation6,261,TRP,a,1,UNL,Z,"15890,15891,15892,15893,15895",4.69,76.34,1.29,T,"9,14,15,16,21,22","174.563, 186.065, 276.932","176.689, 182.863, 279.621"
pi-Stacking,WSA269_conformation8,261,TRP,a,1,UNL,Z,"15905,15906,15907,15908,15910",4.69,72.56,1.24,T,"1,12,13,14,38,39","174.129, 186.414, 281.309","176.689, 182.863, 279.621"
pi-Stacking,WSA238_conformation5,264,PHE,a,1,UNL,Z,"15950,15951,15952,15953,15954,15955",4.22,16.39,1.84,P,"18,19,20,21,22,23","176.930, 185.596, 275.457","180.151, 183.413, 273.830"
pi-Stacking,WSA250_conformation8,264,PHE,a,1,UNL,Z,"15943,15944,15945,15946,15947,15948",4.15,11.55,1.42,P,"16,17,18,19,20,21","176.977, 185.703, 275.214","180.151, 183.413, 273.830"
pi-Stacking,WSA238_conformation2,261,TRP,a,1,UNL,Z,"15897,15898,15899,15900,15902",4.63,76.81,1.3,T,"7,16,17,18,23,24","174.567, 186.071, 277.043","176.689, 182.863, 279.621"
